508,send,0,0
540,send,1,0
576,send,2,0
610,send,3,0
644,send,4,0
650,receive,0,0
652,receive,1,0
677,send,5,0
681,receive,2,0
711,send,6,0
712,receive,3,0
745,send,7,0
748,receive,4,0
778,send,8,0
780,receive,5,0
812,send,9,0
813,receive,6,0
846,send,10,0
847,receive,7,0
879,send,11,0
883,receive,8,0
912,send,12,0
914,receive,9,0
946,send,13,0
948,receive,10,0
980,send,14,0
981,receive,11,0
1014,send,15,0
1016,receive,12,0
1047,send,16,0
1048,receive,13,0
1082,send,17,0
1083,receive,14,0
1115,send,18,0
1116,receive,15,0
1149,send,19,0
1151,receive,16,0
1183,send,20,0
1184,receive,17,0
1216,send,21,0
1219,receive,18,0
1250,send,22,0
1251,receive,19,0
1284,send,23,0
1285,receive,20,0
1317,send,24,0
1318,receive,21,0
1350,send,25,0
1353,receive,22,0
1384,send,26,0
1388,receive,23,0
1417,send,27,0
1421,receive,24,0
1451,send,28,0
1452,receive,25,0
1484,send,29,0
1488,receive,26,0
1518,send,30,0
1521,receive,27,0
1551,send,31,0
1555,receive,28,0
1584,send,32,0
1586,receive,29,0
1617,send,33,0
1620,receive,30,0
1651,send,34,0
1653,receive,31,0
1685,send,35,0
1687,receive,32,0
1718,send,36,0
1720,receive,33,0
1751,send,37,0
1754,receive,34,0
1786,send,38,0
1787,receive,35,0
1819,send,39,0
1822,receive,36,0
1852,send,40,0
1854,receive,37,0
1890,send,41,0
1890,receive,38,0
1922,receive,39,0
1923,send,42,0
1956,receive,40,0
1956,send,43,0
1989,send,44,0
1991,receive,41,0
2023,send,45,0
2025,receive,42,0
2056,send,46,0
2059,receive,43,0
2090,send,47,0
2093,receive,44,0
2123,send,48,0
2126,receive,45,0
2157,send,49,0
2159,receive,46,0
2193,send,50,0
2194,receive,47,0
2226,send,51,0
2229,receive,48,0
2260,receive,49,0
2260,send,52,0
2293,send,53,0
2297,receive,50,0
2326,send,54,0
2329,receive,51,0
2360,send,55,0
2363,receive,52,0
2394,send,56,0
2397,receive,53,0
2427,send,57,0
2428,receive,54,0
2461,send,58,0
2462,receive,55,0
2495,send,59,0
2498,receive,56,0
2528,send,60,0
2531,receive,57,0
2562,send,61,0
2566,receive,58,0
2595,send,62,0
2599,receive,59,0
2628,send,63,0
2630,receive,60,0
2663,send,64,0
2667,receive,61,0
2696,send,65,0
2697,receive,62,0
2730,send,66,0
2781,receive,63,0
2783,receive,64,0
2763,send,67,1
2796,send,68,1
2799,receive,65,0
2831,send,69,1
2864,send,70,1
2897,send,71,1
2912,receive,67,1
2913,receive,68,1
2913,receive,66,0
2931,send,72,1
2932,receive,69,1
2965,send,73,1
2966,receive,70,1
2998,send,74,1
3000,receive,71,1
3032,send,75,1
3035,receive,72,1
3065,send,76,1
3066,receive,73,1
3099,send,77,1
3101,receive,74,1
3132,send,78,1
3135,receive,75,1
3165,send,79,1
3168,receive,76,1
3198,send,80,1
3202,receive,77,1
3232,send,81,1
3234,receive,78,1
3266,send,82,1
3271,receive,79,1
3299,send,83,1
3302,receive,80,1
3333,send,84,1
3336,receive,81,1
3367,send,85,1
3370,receive,82,1
3400,send,86,1
3401,receive,83,1
3433,send,87,1
3435,receive,84,1
3466,send,88,1
3470,receive,85,1
3500,send,89,1
3502,receive,86,1
3533,send,90,1
3537,receive,87,1
3567,send,91,1
3570,receive,88,1
3600,send,92,1
3601,receive,89,1
3634,send,93,1
3636,receive,90,1
3668,send,94,1
3670,receive,91,1
3702,send,95,1
3703,receive,92,1
3736,send,96,1
3737,receive,93,1
3769,send,97,1
3771,receive,94,1
3803,send,98,1
3804,receive,95,1
3836,send,99,1
3838,receive,96,1
3870,send,100,1
3871,receive,97,1
3904,send,101,1
3905,receive,98,1
3937,send,102,1
3938,receive,99,1
3971,send,103,1
3974,receive,100,1
4004,send,104,1
4008,receive,101,1
4038,send,105,1
4039,receive,102,1
4072,send,106,1
4077,receive,103,1
4105,send,107,1
4109,receive,104,1
4138,send,108,1
4141,receive,105,1
4171,send,109,1
4175,receive,106,1
4206,send,110,1
4209,receive,107,1
4239,send,111,1
4243,receive,108,1
4272,send,112,1
4275,receive,109,1
4306,send,113,1
4309,receive,110,1
4340,send,114,1
4343,receive,111,1
4374,send,115,1
4375,receive,112,1
4407,send,116,1
4408,receive,113,1
4440,send,117,1
4443,receive,114,1
4473,send,118,1
4477,receive,115,1
4507,send,119,1
4509,receive,116,1
4540,send,120,1
4542,receive,117,1
4574,send,121,1
4577,receive,118,1
4607,send,122,0
4611,receive,119,1
4641,send,123,0
4642,receive,120,1
4674,send,124,0
4678,receive,121,1
4707,send,125,0
4711,receive,122,0
4741,send,126,0
4743,receive,123,0
4774,send,127,0
4778,receive,124,0
4808,send,128,0
4812,receive,125,0
4841,send,129,0
4846,receive,126,0
4875,send,130,0
4879,receive,127,0
4908,send,131,0
4912,receive,128,0
4943,send,132,0
4944,receive,129,0
4977,send,133,0
4978,receive,130,0
5010,send,134,0
5011,receive,131,0
5044,send,135,0
5047,receive,132,0
5077,send,136,0
5079,receive,133,0
5111,send,137,0
5115,receive,134,0
5144,send,138,0
5146,receive,135,0
5178,send,139,0
5181,receive,136,0
5211,send,140,0
5215,receive,137,0
5245,send,141,0
5246,receive,138,0
5278,send,142,0
5281,receive,139,0
5312,send,143,0
5315,receive,140,0
5345,send,144,0
5349,receive,141,0
5379,send,145,0
5381,receive,142,0
5412,send,146,0
5416,receive,143,0
5446,send,147,0
5448,receive,144,0
5480,send,148,0
5482,receive,145,0
5513,send,149,0
5515,receive,146,0
5547,send,150,0
5552,receive,147,0
5581,send,151,0
5585,receive,148,0
5614,send,152,0
5618,receive,149,0
5647,send,153,0
5649,receive,150,0
5682,send,154,0
5683,receive,151,0
5715,send,155,0
5717,receive,152,0
5748,send,156,0
5749,receive,153,0
5782,send,157,0
5786,receive,154,0
5815,send,158,0
5818,receive,155,0
5849,send,159,0
5852,receive,156,0
5883,send,160,0
5885,receive,157,0
5917,send,161,0
5918,receive,158,0
5951,send,162,0
5953,receive,159,0
5985,send,163,0
5986,receive,160,0
6019,send,164,0
6021,receive,161,0
6053,send,165,0
6054,receive,162,0
6086,send,166,0
6088,receive,163,0
6120,send,167,0
6121,receive,164,0
6154,send,168,0
6156,receive,165,0
6188,send,169,0
6189,receive,166,0
6221,send,170,0
6223,receive,167,0
6255,send,171,0
6256,receive,168,0
6288,send,172,0
6290,receive,169,0
6322,send,173,0
6323,receive,170,0
6356,send,174,0
6358,receive,171,0
6389,send,175,0
6390,receive,172,0
6423,send,176,0
6426,receive,173,0
6456,send,177,0
6490,send,178,1
6508,receive,174,0
6510,receive,175,0
6523,send,179,1
6557,send,180,1
6592,receive,178,1
6592,send,181,1
6593,receive,176,0
6626,send,182,1
6626,receive,179,1
6628,receive,177,0
6659,send,183,1
6660,receive,180,1
6693,send,184,1
6696,receive,181,1
6726,send,185,1
6729,receive,182,1
6760,send,186,1
6761,receive,183,1
6793,send,187,1
6796,receive,184,1
6827,send,188,1
6829,receive,185,1
6860,send,189,1
6863,receive,186,1
6893,send,190,1
6896,receive,187,1
6927,send,191,1
6929,receive,188,1
6960,send,192,1
6964,receive,189,1
6994,send,193,1
6997,receive,190,1
7027,send,194,1
7030,receive,191,1
7064,send,195,1
7066,receive,192,1
7098,send,196,1
7147,receive,193,1
7148,receive,194,1
7131,send,197,2
7165,send,198,2
7167,receive,195,1
7199,send,199,2
7200,receive,196,1
7233,send,200,2
7266,send,201,2
7282,receive,197,2
7283,receive,198,2
7299,send,202,2
7302,receive,199,2
7333,send,203,2
7335,receive,200,2
7366,send,204,2
7368,receive,201,2
7400,send,205,2
7401,receive,202,2
7433,send,206,2
7437,receive,203,2
7467,send,207,2
7469,receive,204,2
7501,send,208,2
7502,receive,205,2
7534,send,209,2
7535,receive,206,2
7567,send,210,2
7571,receive,207,2
7600,send,211,2
7604,receive,208,2
7634,send,212,2
7637,receive,209,2
7667,send,213,2
7672,receive,210,2
7701,send,214,2
7705,receive,211,2
7734,send,215,2
7738,receive,212,2
7768,send,216,2
7771,receive,213,2
7803,send,217,2
7803,receive,214,2
7836,send,218,2
7837,receive,215,2
7869,send,219,2
7872,receive,216,2
7903,send,220,2
7907,receive,217,2
7937,send,221,2
7940,receive,218,2
7970,send,222,2
7972,receive,219,2
8004,send,223,2
8007,receive,220,2
8039,send,224,2
8040,receive,221,2
8074,receive,222,2
8074,send,225,2
8106,receive,223,2
8109,send,226,2
8142,receive,224,2
8142,send,227,2
8176,send,228,2
8181,receive,225,2
8210,send,229,2
8211,receive,226,2
8243,send,230,2
8244,receive,227,2
8278,send,231,2
8281,receive,228,2
8311,send,232,2
8313,receive,229,2
8345,send,233,2
8348,receive,230,2
8379,send,234,2
8380,receive,231,2
8412,send,235,2
8412,receive,232,2
8445,send,236,2
8446,receive,233,2
8481,send,237,2
8484,receive,234,2
8515,send,238,2
8515,receive,235,2
8549,receive,236,2
8548,send,239,2
8582,send,240,2
8583,receive,237,2
8616,send,241,2
8619,receive,238,2
8649,send,242,2
8650,receive,239,2
8684,receive,240,2
8685,send,243,2
8719,send,244,2
8720,receive,241,2
8752,send,245,2
8753,receive,242,2
8786,send,246,2
8787,receive,243,2
8819,send,247,2
8823,receive,244,2
8853,send,248,2
8855,receive,245,2
8886,send,249,2
8890,receive,246,2
8920,send,250,2
8921,receive,247,2
8954,send,251,2
8956,receive,248,2
8988,send,252,2
8990,receive,249,2
9022,send,253,2
9023,receive,250,2
9055,send,254,2
9056,receive,251,2
9089,send,255,2
9090,receive,252,2
9122,send,256,2
9125,receive,253,2
9156,send,257,2
9158,receive,254,2
9190,send,258,2
9191,receive,255,2
9224,send,259,2
9226,receive,256,2
9257,send,260,2
9258,receive,257,2
9290,send,261,2
9293,receive,258,2
9324,send,262,2
9326,receive,259,2
9357,send,263,2
9361,receive,260,2
9391,send,264,2
9394,receive,261,2
9424,send,265,2
9426,receive,262,2
9457,send,266,2
9461,receive,263,2
9491,send,267,2
9494,receive,264,2
9524,send,268,2
9528,receive,265,2
9558,send,269,2
9560,receive,266,2
9591,send,270,2
9595,receive,267,2
9624,send,271,2
9628,receive,268,2
9658,send,272,2
9661,receive,269,2
9691,send,273,2
9695,receive,270,2
9725,send,274,2
9729,receive,271,2
9759,send,275,2
9760,receive,272,2
9792,send,276,2
9794,receive,273,2
9826,send,277,2
9827,receive,274,2
9859,send,278,2
9862,receive,275,2
9892,send,279,2
9894,receive,276,2
9926,send,280,2
9928,receive,277,2
9960,send,281,2
9963,receive,278,2
9993,send,282,2
9995,receive,279,2
10027,send,283,2
10030,receive,280,2
10060,send,284,2
10063,receive,281,2
10094,send,285,2
10098,receive,282,2
10127,send,286,2
10131,receive,283,2
10161,send,287,2
10162,receive,284,2
10194,send,288,2
10198,receive,285,2
10227,send,289,2
10231,receive,286,2
10262,send,290,2
10263,receive,287,2
10295,send,291,2
10299,receive,288,2
10328,send,292,2
10329,receive,289,2
10362,send,293,2
10366,receive,290,2
10395,send,294,2
10400,receive,291,2
10429,send,295,2
10433,receive,292,2
10462,send,296,2
10466,receive,293,2
10496,send,297,2
10499,receive,294,2
10530,send,298,2
10531,receive,295,2
10563,send,299,2
10564,receive,296,2
10597,send,300,2
10600,receive,297,2
10630,send,301,2
10631,receive,298,2
10664,send,302,2
10665,receive,299,2
10697,send,303,2
10701,receive,300,2
10731,send,304,2
10732,receive,301,2
10764,send,305,2
10765,receive,302,2
10797,send,306,2
10801,receive,303,2
10832,send,307,2
10833,receive,304,2
10866,send,308,2
10867,receive,305,2
10899,send,309,2
10900,receive,306,2
10933,send,310,2
10935,receive,307,2
10966,send,311,2
10968,receive,308,2
11000,send,312,2
11001,receive,309,2
11034,send,313,2
11035,receive,310,2
11068,send,314,2
11069,receive,311,2
11101,send,315,2
11102,receive,312,2
11136,send,316,2
11137,receive,313,2
11170,send,317,2
11171,receive,314,2
11203,send,318,2
11203,receive,315,2
11236,send,319,2
11240,receive,316,2
11270,send,320,2
11274,receive,317,2
11304,send,321,2
11305,receive,318,2
11337,send,322,2
11339,receive,319,2
11372,send,323,2
11372,receive,320,2
11406,send,324,2
11407,receive,321,2
11439,send,325,1
11440,receive,322,2
11472,send,326,1
11475,receive,323,2
11506,send,327,1
11509,receive,324,2
11541,send,328,1
11542,receive,325,1
11574,send,329,1
11575,receive,326,1
11607,send,330,1
11610,receive,327,1
11642,send,331,1
11643,receive,328,1
11675,send,332,1
11676,receive,329,1
11708,send,333,1
11711,receive,330,1
11742,send,334,1
11743,receive,331,1
11776,send,335,1
11777,receive,332,1
11809,send,336,1
11811,receive,333,1
11843,send,337,1
11846,receive,334,1
11876,send,338,1
11911,send,339,2
11929,receive,335,1
11944,send,340,2
11962,receive,336,1
11963,receive,337,1
11977,send,341,2
11981,receive,338,1
12011,send,342,2
12012,receive,339,2
12045,send,343,2
12046,receive,340,2
12078,send,344,2
12080,receive,341,2
12112,send,345,2
12113,receive,342,2
12146,send,346,2
12147,receive,343,2
12180,send,347,2
12182,receive,344,2
12218,send,348,2
12265,receive,345,2
12266,receive,346,2
12251,send,349,4
12284,receive,347,2
12284,send,350,4
12317,send,351,4
12320,receive,348,2
12350,send,352,4
12385,send,353,4
12403,receive,349,4
12404,receive,350,4
12419,send,354,4
12420,receive,351,4
12452,send,355,4
12453,receive,352,4
12486,send,356,4
12490,receive,353,4
12520,send,357,4
12522,receive,354,4
12553,send,358,4
12554,receive,355,4
12587,send,359,4
12588,receive,356,4
12621,send,360,4
12624,receive,357,4
12654,send,361,4
12658,receive,358,4
12688,send,362,4
12690,receive,359,4
12722,send,363,4
12726,receive,360,4
12755,send,364,4
12759,receive,361,4
12789,send,365,4
12792,receive,362,4
12822,send,366,4
12826,receive,363,4
12856,send,367,4
12858,receive,364,4
12898,send,368,4
12900,receive,365,4
12923,send,369,4
12925,receive,366,4
12957,send,370,4
12958,receive,367,4
12990,send,371,4
13003,receive,368,4
13024,send,372,4
13029,receive,369,4
13057,send,373,4
13059,receive,370,4
13091,send,374,4
13094,receive,371,4
13125,send,375,4
13126,receive,372,4
13159,receive,373,4
13160,send,376,4
13194,receive,374,4
13194,send,377,4
13228,send,378,4
13228,receive,375,4
13261,send,379,4
13261,receive,376,4
13294,send,380,4
13297,receive,377,4
13328,send,381,4
13330,receive,378,4
13361,send,382,4
13363,receive,379,4
13395,send,383,4
13396,receive,380,4
13428,send,384,4
13432,receive,381,4
13462,send,385,4
13465,receive,382,4
13495,send,386,4
13498,receive,383,4
13529,send,387,4
13533,receive,384,4
13563,send,388,4
13567,receive,385,4
13596,send,389,4
13598,receive,386,4
13630,send,390,4
13631,receive,387,4
13665,send,391,4
13666,receive,388,4
13699,send,392,4
13701,receive,389,4
13733,send,393,4
13733,receive,390,4
13767,send,394,4
13769,receive,391,4
13800,send,395,4
13802,receive,392,4
13833,send,396,4
13835,receive,393,4
13867,send,397,4
13871,receive,394,4
13901,send,398,4
13903,receive,395,4
13938,receive,396,4
13935,send,399,3
13968,send,400,3
13971,receive,397,4
14002,send,401,3
14005,receive,398,4
14035,send,402,3
14069,send,403,3
14086,receive,399,3
14087,receive,400,3
14102,send,404,3
14106,receive,401,3
14136,send,405,3
14138,receive,402,3
14170,send,406,3
14173,receive,403,3
14203,send,407,3
14207,receive,404,3
14236,send,408,3
14240,receive,405,3
14270,send,409,3
14273,receive,406,3
14304,send,410,3
14306,receive,407,3
14337,send,411,3
14339,receive,408,3
14372,send,412,3
14374,receive,409,3
14406,send,413,3
14407,receive,410,3
14439,send,414,3
14440,receive,411,3
14473,send,415,3
14474,receive,412,3
14506,send,416,3
14508,receive,413,3
14540,send,417,3
14542,receive,414,3
14573,send,418,3
14574,receive,415,3
14607,send,419,3
14608,receive,416,3
14640,send,420,3
14642,receive,417,3
14674,send,421,3
14677,receive,418,3
14707,send,422,3
14710,receive,419,3
14741,send,423,3
14744,receive,420,3
14775,send,424,3
14776,receive,421,3
14808,send,425,3
14810,receive,422,3
14842,send,426,3
14843,receive,423,3
14876,send,427,3
14879,receive,424,3
14909,send,428,3
14910,receive,425,3
14943,send,429,3
14945,receive,426,3
14976,send,430,3
14978,receive,427,3
15010,send,431,3
15011,receive,428,3
15044,send,432,3
15045,receive,429,3
15077,send,433,3
15081,receive,430,3
15110,send,434,3
15114,receive,431,3
15144,send,435,2
15146,receive,432,3
15178,send,436,2
15181,receive,433,3
15211,send,437,2
15213,receive,434,3
15244,send,438,2
15248,receive,435,2
15278,send,439,2
15281,receive,436,2
15312,send,440,2
15316,receive,437,2
15347,send,441,2
15347,receive,438,2
15384,send,442,2
15387,receive,439,2
15417,receive,440,2
15417,send,443,2
15451,send,444,2
15452,receive,441,2
15485,send,445,2
15489,receive,442,2
15518,send,446,2
15519,receive,443,2
15551,send,447,2
15553,receive,444,2
15585,send,448,2
15619,send,449,3
15638,receive,445,2
15641,receive,446,2
15652,send,450,3
15655,receive,447,2
15686,send,451,3
15690,receive,448,2
15721,send,452,3
15723,receive,449,3
15755,receive,450,3
15755,send,453,3
15788,send,454,3
15790,receive,451,3
15822,send,455,3
15824,receive,452,3
15857,receive,453,3
15857,send,456,3
15891,send,457,3
15892,receive,454,3
15924,send,458,3
15925,receive,455,3
15958,send,459,3
15960,receive,456,3
15992,send,460,3
15994,receive,457,3
16025,send,461,3
16027,receive,458,3
16059,send,462,3
16061,receive,459,3
16093,send,463,3
16094,receive,460,3
16127,send,464,3
16128,receive,461,3
16160,send,465,3
16163,receive,462,3
16193,send,466,3
16197,receive,463,3
16227,send,467,3
16231,receive,464,3
16260,send,468,3
16272,receive,465,3
16294,send,469,3
16327,send,470,4
16347,receive,466,3
16348,receive,467,3
16361,send,471,4
16364,receive,468,3
16395,send,472,4
16397,receive,469,3
16431,send,473,4
16431,receive,470,4
16464,send,474,4
16465,receive,471,4
16497,send,475,4
16498,receive,472,4
16531,send,476,4
16533,receive,473,4
16564,send,477,4
16567,receive,474,4
16597,send,478,4
16599,receive,475,4
16631,send,479,4
16633,receive,476,4
16673,receive,477,4
16672,send,480,4
16701,receive,478,4
16707,send,481,4
16734,receive,479,4
16740,send,482,4
16774,send,483,4
16775,receive,480,4
16808,send,484,4
16811,receive,481,4
16841,send,485,4
16843,receive,482,4
16875,send,486,4
16877,receive,483,4
16909,send,487,4
16910,receive,484,4
16942,send,488,4
16946,receive,485,4
16975,send,489,4
16979,receive,486,4
17009,send,490,4
17011,receive,487,4
17043,send,491,4
17046,receive,488,4
17076,send,492,4
17080,receive,489,4
17109,send,493,4
17113,receive,490,4
17142,send,494,4
17146,receive,491,4
17176,send,495,4
17180,receive,492,4
17210,send,496,4
17214,receive,493,4
17243,send,497,4
17245,receive,494,4
17276,send,498,4
17280,receive,495,4
17309,send,499,4
17314,receive,496,4
17343,send,500,4
17346,receive,497,4
17376,send,501,4
17380,receive,498,4
17410,send,502,4
17413,receive,499,4
17443,send,503,4
17447,receive,500,4
17477,send,504,4
17479,receive,501,4
17511,send,505,4
17512,receive,502,4
17544,send,506,4
17548,receive,503,4
17577,send,507,4
17582,receive,504,4
17611,send,508,4
17615,receive,505,4
17645,send,509,4
17647,receive,506,4
17678,send,510,4
17683,receive,507,4
17712,send,511,4
17714,receive,508,4
17746,send,512,4
17747,receive,509,4
17780,send,513,4
17784,receive,510,4
17813,send,514,4
17816,receive,511,4
17846,send,515,4
17848,receive,512,4
17880,send,516,4
17883,receive,513,4
17914,send,517,4
17917,receive,514,4
17947,send,518,4
17950,receive,515,4
17980,send,519,4
17984,receive,516,4
18014,send,520,3
18018,receive,517,4
18047,send,521,3
18051,receive,518,4
18080,send,522,4
18083,receive,519,4
18114,send,523,4
18117,receive,520,3
18147,send,524,4
18149,receive,521,3
18181,send,525,4
18184,receive,522,4
18216,send,526,4
18217,receive,523,4
18249,send,527,4
18252,receive,524,4
18282,send,528,4
18284,receive,525,4
18315,send,529,4
18318,receive,526,4
18350,send,530,4
18352,receive,527,4
18383,send,531,4
18387,receive,528,4
18416,send,532,4
18418,receive,529,4
18449,send,533,4
18453,receive,530,4
18482,send,534,4
18487,receive,531,4
18517,send,535,4
18520,receive,532,4
18550,send,536,4
18553,receive,533,4
18583,send,537,4
18587,receive,534,4
18617,send,538,4
18621,receive,535,4
18650,send,539,4
18654,receive,536,4
18685,send,540,4
18687,receive,537,4
18720,send,541,4
18720,receive,538,4
18754,send,542,4
18755,receive,539,4
18787,receive,540,4
18787,send,543,4
18821,send,544,4
18822,receive,541,4
18855,send,545,4
18858,receive,542,4
18888,send,546,4
18890,receive,543,4
18921,send,547,4
18923,receive,544,4
18956,send,548,4
18958,receive,545,4
18989,send,549,4
18990,receive,546,4
19024,send,550,4
19024,receive,547,4
19057,send,551,4
19059,receive,548,4
19090,send,552,4
19092,receive,549,4
19125,send,553,4
19127,receive,550,4
19159,send,554,4
19160,receive,551,4
19192,send,555,4
19195,receive,552,4
19226,send,556,4
19228,receive,553,4
19259,send,557,4
19260,receive,554,4
19293,send,558,4
19294,receive,555,4
19326,send,559,4
19329,receive,556,4
19360,send,560,4
19361,receive,557,4
19393,send,561,4
19394,receive,558,4
19427,send,562,4
19431,receive,559,4
19462,send,563,4
19463,receive,560,4
19496,send,564,4
19497,receive,561,4
19529,receive,562,4
19529,send,565,4
19563,send,566,4
19564,receive,563,4
19596,send,567,4
19598,receive,564,4
19630,send,568,4
19631,receive,565,4
19664,send,569,4
19665,receive,566,4
19698,send,570,4
19700,receive,567,4
19731,send,571,4
19732,receive,568,4
19765,send,572,4
19766,receive,569,4
19798,send,573,4
19802,receive,570,4
19832,send,574,4
19833,receive,571,4
19865,send,575,4
19866,receive,572,4
19899,send,576,4
19900,receive,573,4
19932,send,577,4
19986,receive,574,4
19988,receive,575,4
19966,send,578,7
20000,send,579,7
20002,receive,576,4
20033,send,580,7
20038,receive,577,4
20067,send,581,7
20101,send,582,7
20117,receive,578,7
20118,receive,579,7
20134,send,583,7
20136,receive,580,7
20167,send,584,7
20169,receive,581,7
20201,send,585,7
20209,receive,582,7
20235,send,586,7
20237,receive,583,7
20268,send,587,7
20270,receive,584,7
20302,send,588,7
20305,receive,585,7
20336,send,589,7
20340,receive,586,7
20369,send,590,7
20372,receive,587,7
20402,send,591,7
20406,receive,588,7
20437,send,592,7
20440,receive,589,7
20470,send,593,7
20474,receive,590,7
20504,send,594,7
20506,receive,591,7
20537,send,595,7
20541,receive,592,7
20571,send,596,7
20574,receive,593,7
20604,send,597,7
20609,receive,594,7
20638,send,598,7
20642,receive,595,7
20672,send,599,7
20676,receive,596,7
20705,send,600,7
20708,receive,597,7
20739,send,601,7
20743,receive,598,7
20772,send,602,7
20774,receive,599,7
20806,send,603,7
20810,receive,600,7
20840,send,604,7
20841,receive,601,7
20873,send,605,7
20876,receive,602,7
20906,send,606,7
20910,receive,603,7
20941,send,607,7
20942,receive,604,7
20975,send,608,7
20977,receive,605,7
21009,send,609,7
21010,receive,606,7
21042,send,610,7
21043,receive,607,7
21076,send,611,7
21079,receive,608,7
21110,send,612,7
21111,receive,609,7
21143,send,613,7
21147,receive,610,7
21177,send,614,7
21178,receive,611,7
21211,send,615,7
21213,receive,612,7
21244,send,616,7
21245,receive,613,7
21278,send,617,7
21280,receive,614,7
21312,send,618,7
21313,receive,615,7
21345,send,619,7
21346,receive,616,7
21378,send,620,7
21382,receive,617,7
21411,send,621,7
21416,receive,618,7
21445,send,622,7
21448,receive,619,7
21479,send,623,7
21484,receive,620,7
21512,send,624,7
21514,receive,621,7
21547,send,625,7
21550,receive,622,7
21581,send,626,7
21582,receive,623,7
21614,send,627,7
21615,receive,624,7
21651,receive,625,7
21648,send,628,5
21681,send,629,5
21682,receive,626,7
21715,send,630,5
21716,receive,627,7
21749,send,631,5
21783,send,632,5
21799,receive,628,5
21800,receive,629,5
21816,send,633,5
21817,receive,630,5
21849,send,634,5
21852,receive,631,5
21883,send,635,5
21887,receive,632,5
21917,send,636,5
21920,receive,633,5
21950,send,637,5
21953,receive,634,5
21984,send,638,5
21986,receive,635,5
22017,send,639,5
22021,receive,636,5
22051,send,640,5
22053,receive,637,5
22084,send,641,5
22088,receive,638,5
22117,send,642,5
22121,receive,639,5
22151,send,643,5
22154,receive,640,5
22184,send,644,5
22188,receive,641,5
22218,send,645,5
22222,receive,642,5
22251,send,646,5
22253,receive,643,5
22285,send,647,5
22287,receive,644,5
22319,send,648,5
22321,receive,645,5
22352,send,649,5
22354,receive,646,5
22386,send,650,5
22388,receive,647,5
22419,send,651,5
22423,receive,648,5
22453,send,652,5
22455,receive,649,5
22487,send,653,5
22489,receive,650,5
22521,send,654,5
22524,receive,651,5
22554,send,655,5
22555,receive,652,5
22589,send,656,5
22590,receive,653,5
22622,send,657,5
22624,receive,654,5
22656,send,658,5
22657,receive,655,5
22689,send,659,5
22693,receive,656,5
22723,send,660,5
22724,receive,657,5
22756,send,661,5
22759,receive,658,5
22789,send,662,5
22791,receive,659,5
22823,send,663,5
22826,receive,660,5
22856,send,664,5
22859,receive,661,5
22889,send,665,5
22893,receive,662,5
22923,send,666,5
22925,receive,663,5
22956,send,667,5
22960,receive,664,5
22989,send,668,5
22991,receive,665,5
23022,send,669,5
23027,receive,666,5
23056,send,670,5
23060,receive,667,5
23090,send,671,5
23093,receive,668,5
23125,receive,669,5
23125,send,672,5
23158,receive,670,5
23159,send,673,5
23192,send,674,5
23193,receive,671,5
23226,send,675,5
23228,receive,672,5
23259,send,676,5
23261,receive,673,5
23293,send,677,5
23295,receive,674,5
23326,send,678,5
23330,receive,675,5
23360,send,679,5
23364,receive,676,5
23395,send,680,5
23396,receive,677,5
23428,send,681,5
23479,receive,678,5
23480,receive,679,5
23462,send,682,6
23495,send,683,6
23497,receive,680,5
23529,send,684,6
23531,receive,681,5
23563,send,685,6
23597,send,686,6
23610,receive,682,6
23611,receive,683,6
23630,send,687,6
23631,receive,684,6
23663,send,688,6
23667,receive,685,6
23697,send,689,6
23700,receive,686,6
23731,send,690,6
23733,receive,687,6
23764,send,691,6
23766,receive,688,6
23798,send,692,6
23800,receive,689,6
23833,send,693,6
23835,receive,690,6
23867,receive,691,6
23867,send,694,6
23900,send,695,6
23902,receive,692,6
23934,send,696,6
23936,receive,693,6
23968,send,697,6
23970,receive,694,6
24001,send,698,6
24003,receive,695,6
24035,send,699,6
24038,receive,696,6
24068,send,700,6
24070,receive,697,6
24102,send,701,6
24105,receive,698,6
24135,send,702,6
24139,receive,699,6
24169,send,703,6
24171,receive,700,6
24202,send,704,6
24207,receive,701,6
24236,send,705,6
24240,receive,702,6
24269,send,706,6
24273,receive,703,6
24303,send,707,6
24307,receive,704,6
24337,send,708,6
24339,receive,705,6
24370,send,709,6
24372,receive,706,6
24403,send,710,6
24408,receive,707,6
24437,send,711,6
24442,receive,708,6
24471,send,712,6
24473,receive,709,6
24504,send,713,6
24508,receive,710,6
24538,send,714,6
24542,receive,711,6
24571,send,715,6
24576,receive,712,6
24606,send,716,6
24608,receive,713,6
24639,send,717,6
24642,receive,714,6
24672,send,718,6
24674,receive,715,6
24706,send,719,6
24710,receive,716,6
24740,send,720,6
24742,receive,717,6
24773,send,721,6
24777,receive,718,6
24807,send,722,6
24810,receive,719,6
24841,send,723,6
24874,send,724,7
24894,receive,720,6
24896,receive,721,6
24907,send,725,7
24910,receive,722,6
24941,send,726,7
24944,receive,723,6
24974,send,727,7
24979,receive,724,7
25008,send,728,7
25012,receive,725,7
25041,send,729,7
25046,receive,726,7
25074,send,730,7
25077,receive,727,7
25107,send,731,7
25113,receive,728,7
25141,send,732,7
25143,receive,729,7
25175,send,733,7
25180,receive,730,7
25208,send,734,7
25212,receive,731,7
25242,send,735,7
25245,receive,732,7
25276,send,736,7
25281,receive,733,7
25309,send,737,7
25311,receive,734,7
25342,send,738,7
25348,receive,735,7
25376,send,739,7
25380,receive,736,7
25409,send,740,7
25412,receive,737,7
25443,send,741,7
25445,receive,738,7
25477,send,742,7
25478,receive,739,7
25510,send,743,7
25512,receive,740,7
25544,send,744,7
25546,receive,741,7
25578,send,745,7
25580,receive,742,7
25612,send,746,7
25613,receive,743,7
25645,send,747,7
25647,receive,744,7
25678,send,748,7
25683,receive,745,7
25714,send,749,7
25716,receive,746,7
25749,send,750,7
25750,receive,747,7
25783,send,751,7
25787,receive,748,7
25816,send,752,7
25818,receive,749,7
25849,send,753,7
25853,receive,750,7
25883,send,754,7
25885,receive,751,7
25916,send,755,7
25918,receive,752,7
25950,send,756,7
25952,receive,753,7
25983,send,757,7
25986,receive,754,7
26017,send,758,7
26019,receive,755,7
26050,send,759,7
26054,receive,756,7
26083,send,760,7
26087,receive,757,7
26117,send,761,7
26121,receive,758,7
26151,send,762,7
26153,receive,759,7
26185,send,763,7
26187,receive,760,7
26219,send,764,7
26221,receive,761,7
26255,send,765,7
26257,receive,762,7
26289,receive,763,7
26289,send,766,7
26322,receive,764,7
26322,send,767,7
26356,send,768,7
26358,receive,765,7
26390,send,769,7
26391,receive,766,7
26423,send,770,7
26425,receive,767,7
26457,send,771,7
26458,receive,768,7
26490,send,772,7
26493,receive,769,7
26524,send,773,7
26526,receive,770,7
26558,send,774,7
26561,receive,771,7
26592,send,775,6
26592,receive,772,7
26625,send,776,6
26629,receive,773,7
26658,send,777,6
26662,receive,774,7
26693,send,778,6
26694,receive,775,6
26726,send,779,6
26729,receive,776,6
26760,send,780,6
26761,receive,777,6
26794,send,781,6
26796,receive,778,6
26827,send,782,6
26831,receive,779,6
26860,send,783,6
26865,receive,780,6
26895,send,784,6
26897,receive,781,6
26928,send,785,6
26929,receive,782,6
26961,send,786,6
26962,receive,783,6
26995,send,787,6
27000,receive,784,6
27028,send,788,6
27062,send,789,7
27081,receive,785,6
27082,receive,786,6
27096,send,790,7
27103,receive,787,6
27129,send,791,7
27133,receive,788,6
27163,send,792,7
27164,receive,789,7
27196,send,793,7
27200,receive,790,7
27229,send,794,7
27234,receive,791,7
27263,send,795,7
27267,receive,792,7
27296,send,796,7
27301,receive,793,7
27330,send,797,7
27334,receive,794,7
27364,send,798,7
27368,receive,795,7
27397,send,799,7
27401,receive,796,7
27430,send,800,7
27434,receive,797,7
27464,send,801,7
27468,receive,798,7
27498,send,802,7
27502,receive,799,7
27531,send,803,7
27535,receive,800,7
27564,send,804,7
27569,receive,801,7
27598,send,805,7
27600,receive,802,7
27632,send,806,7
27633,receive,803,7
27665,send,807,7
27666,receive,804,7
27700,send,808,7
27704,receive,805,7
27734,send,809,7
27738,receive,806,7
27767,send,810,7
27769,receive,807,7
27800,send,811,7
27802,receive,808,7
27834,send,812,7
27837,receive,809,7
27868,send,813,7
27871,receive,810,7
27901,send,814,7
27903,receive,811,7
27934,send,815,7
27937,receive,812,7
27970,send,816,7
28021,receive,813,7
28024,receive,814,7
28003,send,817,8
28036,send,818,8
28037,receive,815,7
28069,send,819,8
28072,receive,816,7
28103,send,820,8
28137,send,821,8
28149,receive,817,8
28150,receive,818,8
28170,send,822,8
28173,receive,819,8
28204,send,823,8
28206,receive,820,8
28237,send,824,8
28242,receive,821,8
28271,send,825,8
28275,receive,822,8
28304,send,826,8
28308,receive,823,8
28338,send,827,8
28343,receive,824,8
28371,send,828,8
28375,receive,825,8
28405,send,829,8
28407,receive,826,8
28438,send,830,8
28441,receive,827,8
28473,send,831,8
28524,receive,828,8
28526,receive,829,8
28544,receive,830,8
28508,send,832,9
28549,send,833,9
28574,send,834,9
28576,receive,831,8
28607,send,835,9
28641,send,836,9
28675,send,837,9
28681,receive,832,9
28682,receive,833,9
28684,receive,834,9
28708,send,838,9
28710,receive,835,9
28742,send,839,9
28744,receive,836,9
28775,send,840,9
28779,receive,837,9
28808,send,841,9
28812,receive,838,9
28841,send,842,9
28845,receive,839,9
28875,send,843,9
28878,receive,840,9
28909,send,844,9
28912,receive,841,9
28942,send,845,9
28946,receive,842,9
28976,send,846,9
28979,receive,843,9
29009,send,847,9
29011,receive,844,9
29043,send,848,9
29046,receive,845,9
29076,send,849,9
29079,receive,846,9
29109,send,850,9
29112,receive,847,9
29143,send,851,9
29145,receive,848,9
29176,send,852,9
29180,receive,849,9
29210,send,853,9
29213,receive,850,9
29244,send,854,9
29248,receive,851,9
29277,send,855,9
29279,receive,852,9
29312,send,856,9
29313,receive,853,9
29345,send,857,9
29349,receive,854,9
29378,send,858,9
29430,receive,855,9
29432,receive,856,9
29412,send,859,14
29447,send,860,14
29449,receive,857,9
29480,send,861,14
29514,send,862,14
29532,receive,858,9
29547,send,863,14
29565,receive,859,14
29566,receive,860,14
29581,send,864,14
29583,receive,861,14
29614,send,865,14
29619,receive,862,14
29648,send,866,14
29651,receive,863,14
29681,send,867,14
29686,receive,864,14
29715,send,868,14
29721,receive,865,14
29749,send,869,14
29753,receive,866,14
29782,send,870,14
29785,receive,867,14
29815,send,871,14
29821,receive,868,14
29849,send,872,14
29853,receive,869,14
29882,send,873,14
29888,receive,870,14
29916,send,874,14
29921,receive,871,14
29950,send,875,14
29955,receive,872,14
29983,send,876,14
29986,receive,873,14
30018,send,877,14
30022,receive,874,14
30051,send,878,14
30055,receive,875,14
30085,send,879,14
30088,receive,876,14
30119,send,880,14
30122,receive,877,14
30152,send,881,14
30154,receive,878,14
30186,send,882,14
30188,receive,879,14
30219,send,883,14
30224,receive,880,14
30253,send,884,14
30255,receive,881,14
30287,send,885,14
30291,receive,882,14
30320,send,886,14
30323,receive,883,14
30354,send,887,14
30357,receive,884,14
30388,send,888,14
30390,receive,885,14
30423,send,889,14
30424,receive,886,14
30456,send,890,14
30458,receive,887,14
30489,send,891,14
30492,receive,888,14
30523,send,892,14
30526,receive,889,14
30556,send,893,14
30560,receive,890,14
30590,send,894,14
30593,receive,891,14
30623,send,895,14
30626,receive,892,14
30656,send,896,14
30659,receive,893,14
30690,send,897,14
30694,receive,894,14
30724,send,898,14
30729,receive,895,14
30757,send,899,14
30761,receive,896,14
30791,send,900,14
30793,receive,897,14
30824,send,901,14
30829,receive,898,14
30858,send,902,14
30862,receive,899,14
30892,send,903,14
30896,receive,900,14
30925,send,904,14
30928,receive,901,14
30958,send,905,14
30962,receive,902,14
30992,send,906,14
30995,receive,903,14
31026,send,907,14
31031,receive,904,14
31059,send,908,14
31063,receive,905,14
31093,send,909,14
31096,receive,906,14
31126,send,910,14
31129,receive,907,14
31160,send,911,14
31164,receive,908,14
31194,send,912,14
31196,receive,909,14
31227,send,913,14
31229,receive,910,14
31261,send,914,14
31266,receive,911,14
31294,send,915,14
31300,receive,912,14
31329,send,916,14
31331,receive,913,14
31362,send,917,14
31368,receive,914,14
31395,send,918,14
31399,receive,915,14
31436,receive,916,14
31429,send,919,13
31462,send,920,13
31466,receive,917,14
31496,send,921,13
31500,receive,918,14
31529,send,922,13
31563,send,923,13
31582,receive,919,13
31583,receive,920,13
31596,send,924,13
31601,receive,921,13
31630,send,925,13
31633,receive,922,13
31665,send,926,13
31668,receive,923,13
31698,send,927,13
31700,receive,924,13
31732,send,928,13
31783,receive,925,13
31786,receive,926,13
31767,send,929,15
31800,send,930,15
31802,receive,927,13
31834,send,931,15
31836,receive,928,13
31867,send,932,15
31901,send,933,15
31920,receive,929,15
31920,receive,930,15
31935,send,934,15
31937,receive,931,15
31968,send,935,15
31973,receive,932,15
32002,send,936,15
32006,receive,933,15
32036,send,937,15
32039,receive,934,15
32069,send,938,15
32073,receive,935,15
32103,send,939,15
32108,receive,936,15
32137,send,940,15
32142,receive,937,15
32171,send,941,15
32174,receive,938,15
32205,send,942,15
32208,receive,939,15
32239,send,943,15
32243,receive,940,15
32273,send,944,15
32275,receive,941,15
32306,send,945,15
32309,receive,942,15
32340,send,946,15
32343,receive,943,15
32374,send,947,15
32377,receive,944,15
32408,send,948,15
32410,receive,945,15
32441,send,949,15
32443,receive,946,15
32475,send,950,15
32476,receive,947,15
32508,send,951,15
32513,receive,948,15
32545,receive,949,15
32542,send,952,16
32575,send,953,16
32579,receive,950,15
32608,send,954,16
32612,receive,951,15
32643,send,955,16
32676,send,956,16
32694,receive,952,16
32695,receive,953,16
32709,send,957,16
32713,receive,954,16
32742,send,958,16
32746,receive,955,16
32776,send,959,16
32779,receive,956,16
32810,send,960,16
32813,receive,957,16
32843,send,961,16
32847,receive,958,16
32877,send,962,16
32882,receive,959,16
32910,send,963,16
32913,receive,960,16
32944,send,964,16
32947,receive,961,16
32977,send,965,16
32981,receive,962,16
33012,send,966,16
33013,receive,963,16
33045,send,967,16
33049,receive,964,16
33078,send,968,16
33080,receive,965,16
33111,send,969,16
33114,receive,966,16
33145,send,970,16
33148,receive,967,16
33178,send,971,16
33180,receive,968,16
33212,send,972,16
33217,receive,969,16
33245,send,973,16
33250,receive,970,16
33279,send,974,16
33284,receive,971,16
33313,send,975,16
33316,receive,972,16
33346,send,976,16
33349,receive,973,16
33380,send,977,16
33383,receive,974,16
33414,send,978,16
33417,receive,975,16
33447,send,979,16
33452,receive,976,16
33481,send,980,16
33483,receive,977,16
33515,send,981,16
33517,receive,978,16
33548,send,982,16
33552,receive,979,16
33581,send,983,16
33584,receive,980,16
33615,send,984,16
33617,receive,981,16
33648,send,985,16
33652,receive,982,16
33683,send,986,16
33685,receive,983,16
33716,send,987,16
33719,receive,984,16
33749,send,988,16
33752,receive,985,16
33783,send,989,16
33787,receive,986,16
33816,send,990,16
33820,receive,987,16
33850,send,991,16
33854,receive,988,16
33883,send,992,16
33888,receive,989,16
33917,send,993,16
33922,receive,990,16
33951,send,994,16
33955,receive,991,16
33984,send,995,16
33989,receive,992,16
34018,send,996,16
34023,receive,993,16
34052,send,997,16
34056,receive,994,16
34085,send,998,16
34088,receive,995,16
34119,send,999,16
34123,receive,996,16
34152,send,1000,16
34157,receive,997,16
34186,send,1001,16
34189,receive,998,16
34219,send,1002,14
34223,receive,999,16
34253,send,1003,14
34256,receive,1000,16
34288,send,1004,14
34291,receive,1001,16
34322,send,1005,14
34326,receive,1002,14
34355,send,1006,15
34356,receive,1003,14
34389,send,1007,15
34391,receive,1004,14
34423,send,1008,15
34426,receive,1005,14
34456,send,1009,15
34459,receive,1006,15
34490,send,1010,15
34493,receive,1007,15
34523,send,1011,15
34526,receive,1008,15
34556,send,1012,15
34561,receive,1009,15
34590,send,1013,15
34594,receive,1010,15
34624,send,1014,15
34629,receive,1011,15
34657,send,1015,15
34660,receive,1012,15
34690,send,1016,15
34694,receive,1013,15
34724,send,1017,16
34729,receive,1014,15
34757,send,1018,16
34811,receive,1015,15
34813,receive,1016,15
34792,send,1019,17
34825,send,1020,17
34829,receive,1017,16
34858,send,1021,17
34862,receive,1018,16
34892,send,1022,17
34926,send,1023,17
34943,receive,1019,17
34944,receive,1020,17
34959,send,1024,17
34963,receive,1021,17
34992,send,1025,17
34997,receive,1022,17
35026,send,1026,17
35030,receive,1023,17
35059,send,1027,17
35062,receive,1024,17
35092,send,1028,17
35095,receive,1025,17
35126,send,1029,17
35130,receive,1026,17
35160,send,1030,17
35163,receive,1027,17
35193,send,1031,17
35196,receive,1028,17
35226,send,1032,17
35231,receive,1029,17
35260,send,1033,17
35266,receive,1030,17
35294,send,1034,17
35297,receive,1031,17
35328,send,1035,17
35329,receive,1032,17
35361,send,1036,17
35364,receive,1033,17
35394,send,1037,17
35399,receive,1034,17
35427,send,1038,17
35432,receive,1035,17
35461,send,1039,17
35464,receive,1036,17
35494,send,1040,17
35498,receive,1037,17
35528,send,1041,17
35531,receive,1038,17
35561,send,1042,17
35565,receive,1039,17
35595,send,1043,17
35598,receive,1040,17
35629,send,1044,17
35631,receive,1041,17
35662,send,1045,17
35664,receive,1042,17
35697,send,1046,17
35699,receive,1043,17
35730,send,1047,17
35731,receive,1044,17
35763,send,1048,17
35768,receive,1045,17
35796,send,1049,17
35802,receive,1046,17
35831,send,1050,17
35835,receive,1047,17
35864,send,1051,17
35866,receive,1048,17
35897,send,1052,17
35900,receive,1049,17
35932,send,1053,17
35937,receive,1050,17
35965,send,1054,17
35968,receive,1051,17
35999,send,1055,17
36001,receive,1052,17
36032,send,1056,17
36038,receive,1053,17
36066,send,1057,17
36069,receive,1054,17
36100,send,1058,17
36102,receive,1055,17
36133,send,1059,17
36137,receive,1056,17
36166,send,1060,17
36172,receive,1057,17
36199,send,1061,17
36204,receive,1058,17
36233,send,1062,17
36238,receive,1059,17
36267,send,1063,17
36269,receive,1060,17
36300,send,1064,17
36305,receive,1061,17
36334,send,1065,17
36339,receive,1062,17
36367,send,1066,17
36372,receive,1063,17
36400,send,1067,17
36404,receive,1064,17
36434,send,1068,17
36439,receive,1065,17
36467,send,1069,17
36472,receive,1066,17
36500,send,1070,17
36506,receive,1067,17
36534,send,1071,17
36539,receive,1068,17
36568,send,1072,17
36573,receive,1069,17
36601,send,1073,17
36604,receive,1070,17
36636,send,1074,17
36641,receive,1071,17
36670,send,1075,17
36672,receive,1072,17
36703,send,1076,17
36706,receive,1073,17
36737,send,1077,17
36741,receive,1074,17
36770,send,1078,17
36774,receive,1075,17
36804,send,1079,17
36809,receive,1076,17
36842,receive,1077,17
36838,send,1080,18
36871,send,1081,18
36876,receive,1078,17
36905,send,1082,18
36909,receive,1079,17
36938,send,1083,18
36975,send,1084,18
36997,receive,1080,18
36999,receive,1081,18
37008,receive,1082,18
37008,send,1085,18
37042,send,1086,18
37044,receive,1083,18
37075,send,1087,18
37078,receive,1084,18
37109,send,1088,18
37113,receive,1085,18
37143,send,1089,18
37147,receive,1086,18
37176,send,1090,18
37179,receive,1087,18
37209,send,1091,18
37212,receive,1088,18
37243,send,1092,18
37248,receive,1089,18
37277,send,1093,18
37279,receive,1090,18
37310,send,1094,18
37314,receive,1091,18
37344,send,1095,18
37349,receive,1092,18
37377,send,1096,18
37380,receive,1093,18
37411,send,1097,18
37414,receive,1094,18
37445,send,1098,18
37449,receive,1095,18
37479,send,1099,18
37482,receive,1096,18
37512,send,1100,18
37517,receive,1097,18
37545,send,1101,18
37551,receive,1098,18
37579,send,1102,18
37582,receive,1099,18
37613,send,1103,18
37616,receive,1100,18
37646,send,1104,18
37649,receive,1101,18
37680,send,1105,18
37684,receive,1102,18
37714,send,1106,18
37718,receive,1103,18
37748,send,1107,18
37751,receive,1104,18
37782,send,1108,18
37787,receive,1105,18
37818,receive,1106,18
37819,send,1109,18
37852,receive,1107,18
37852,send,1110,18
37887,receive,1108,18
37888,send,1111,18
37922,send,1112,18
37924,receive,1109,18
37956,receive,1110,18
37957,send,1113,18
37990,send,1114,18
37993,receive,1111,18
38023,send,1115,18
38026,receive,1112,18
38057,send,1116,18
38062,receive,1113,18
38090,send,1117,18
38094,receive,1114,18
38124,send,1118,18
38127,receive,1115,18
38158,send,1119,18
38162,receive,1116,18
38191,send,1120,18
38196,receive,1117,18
38224,send,1121,18
38229,receive,1118,18
38257,send,1122,18
38265,receive,1119,18
38291,send,1123,18
38296,receive,1120,18
38325,send,1124,18
38330,receive,1121,18
38358,send,1125,18
38364,receive,1122,18
38392,send,1126,18
38395,receive,1123,18
38426,send,1127,18
38431,receive,1124,18
38460,send,1128,18
38463,receive,1125,18
38494,send,1129,18
38496,receive,1126,18
38528,send,1130,18
38530,receive,1127,18
38562,send,1131,18
38565,receive,1128,18
38596,send,1132,18
38598,receive,1129,18
38629,send,1133,18
38631,receive,1130,18
38663,send,1134,18
38665,receive,1131,18
38697,send,1135,18
38700,receive,1132,18
38730,send,1136,18
38733,receive,1133,18
38766,send,1137,18
38769,receive,1134,18
38801,send,1138,18
38803,receive,1135,18
38835,receive,1136,18
38835,send,1139,18
38868,send,1140,18
38871,receive,1137,18
38901,send,1141,18
38905,receive,1138,18
38934,send,1142,18
38939,receive,1139,18
38968,send,1143,18
38973,receive,1140,18
39001,send,1144,18
39007,receive,1141,18
39035,send,1145,18
39039,receive,1142,18
39069,send,1146,18
39073,receive,1143,18
39102,send,1147,18
39107,receive,1144,18
39136,send,1148,18
39141,receive,1145,18
39170,send,1149,18
39173,receive,1146,18
39205,send,1150,18
39209,receive,1147,18
39239,send,1151,18
39244,receive,1148,18
39272,send,1152,18
39275,receive,1149,18
39307,send,1153,18
39312,receive,1150,18
39341,send,1154,18
39342,receive,1151,18
39374,send,1155,18
39377,receive,1152,18
39407,send,1156,18
39411,receive,1153,18
39441,send,1157,18
39444,receive,1154,18
39475,send,1158,18
39478,receive,1155,18
39508,send,1159,18
39512,receive,1156,18
39542,send,1160,18
39546,receive,1157,18
39575,send,1161,18
39580,receive,1158,18
39609,send,1162,18
39613,receive,1159,18
39643,send,1163,18
39646,receive,1160,18
39677,send,1164,18
39679,receive,1161,18
39710,send,1165,17
39714,receive,1162,18
39744,send,1166,17
39747,receive,1163,18
39777,send,1167,17
39782,receive,1164,18
39811,send,1168,17
39814,receive,1165,17
39845,send,1169,17
39848,receive,1166,17
39879,send,1170,17
39884,receive,1167,17
39912,send,1171,17
39915,receive,1168,17
39946,send,1172,17
39949,receive,1169,17
39980,send,1173,17
39983,receive,1170,17
40014,send,1174,17
40016,receive,1171,17
40049,send,1175,17
40102,receive,1172,17
40107,receive,1173,17
40082,send,1176,19
40115,send,1177,19
40119,receive,1174,17
40149,send,1178,19
40152,receive,1175,17
40183,send,1179,19
40216,send,1180,19
40243,receive,1176,19
40246,receive,1177,19
40249,send,1181,19
40271,receive,1178,19
40287,send,1182,19
40291,receive,1179,19
40324,send,1183,19
40369,receive,1180,19
40374,receive,1181,19
40358,send,1184,22
40404,send,1185,22
40441,receive,1182,19
40445,receive,1183,19
40426,send,1186,23
40460,send,1187,23
40494,send,1188,23
40527,send,1189,23
40539,receive,1184,22
40541,receive,1185,22
40561,send,1190,23
40586,receive,1186,23
40588,receive,1187,23
40596,send,1191,23
40600,receive,1188,23
40630,send,1192,23
40632,receive,1189,23
40663,send,1193,23
40667,receive,1190,23
40698,send,1194,23
40701,receive,1191,23
40733,send,1195,23
40740,receive,1192,23
40766,send,1196,23
40769,receive,1193,23
40799,send,1197,23
40802,receive,1194,23
40832,send,1198,23
40838,receive,1195,23
40866,send,1199,23
40869,receive,1196,23
40900,send,1200,23
40902,receive,1197,23
40933,send,1201,23
40937,receive,1198,23
40967,send,1202,23
40970,receive,1199,23
41000,send,1203,23
41004,receive,1200,23
41033,send,1204,23
41040,receive,1201,23
41067,send,1205,23
41071,receive,1202,23
41101,send,1206,23
41107,receive,1203,23
41135,send,1207,23
41139,receive,1204,23
41168,send,1208,23
41173,receive,1205,23
41201,send,1209,23
41207,receive,1206,23
41234,send,1210,23
41238,receive,1207,23
41268,send,1211,23
41273,receive,1208,23
41301,send,1212,23
41306,receive,1209,23
41335,send,1213,23
41342,receive,1210,23
41373,receive,1211,23
41368,send,1214,24
41402,send,1215,24
41407,receive,1212,23
41436,send,1216,24
41441,receive,1213,23
41470,send,1217,24
41505,send,1218,24
41523,receive,1214,24
41525,receive,1215,24
41538,send,1219,24
41541,receive,1216,24
41571,send,1220,24
41575,receive,1217,24
41605,send,1221,24
41609,receive,1218,24
41639,send,1222,24
41642,receive,1219,24
41673,send,1223,24
41677,receive,1220,24
41706,send,1224,24
41710,receive,1221,24
41740,send,1225,24
41743,receive,1222,24
41774,send,1226,24
41777,receive,1223,24
41808,send,1227,24
41811,receive,1224,24
41841,send,1228,24
41845,receive,1225,24
41875,send,1229,24
41879,receive,1226,24
41908,send,1230,24
41913,receive,1227,24
41942,send,1231,24
41995,receive,1228,24
41998,receive,1229,24
41976,send,1232,27
42009,send,1233,27
42013,receive,1230,24
42043,send,1234,27
42046,receive,1231,24
42077,send,1235,27
42111,send,1236,27
42136,receive,1232,27
42138,receive,1233,27
42144,send,1237,27
42146,receive,1234,27
42178,send,1238,27
42182,receive,1235,27
42213,send,1239,27
42215,receive,1236,27
42246,send,1240,27
42248,receive,1237,27
42280,send,1241,27
42283,receive,1238,27
42313,send,1242,27
42319,receive,1239,27
42346,send,1243,27
42350,receive,1240,27
42382,send,1244,27
42384,receive,1241,27
42415,send,1245,27
42418,receive,1242,27
42449,send,1246,27
42454,receive,1243,27
42484,send,1247,27
42487,receive,1244,27
42518,send,1248,27
42520,receive,1245,27
42553,send,1249,27
42559,receive,1246,27
42586,send,1250,27
42590,receive,1247,27
42619,send,1251,27
42626,receive,1248,27
42653,send,1252,27
42659,receive,1249,27
42686,send,1253,27
42692,receive,1250,27
42720,send,1254,27
42723,receive,1251,27
42754,send,1255,27
42760,receive,1252,27
42788,send,1256,27
42791,receive,1253,27
42821,send,1257,27
42825,receive,1254,27
42855,send,1258,27
42861,receive,1255,27
42888,send,1259,27
42892,receive,1256,27
42922,send,1260,27
42927,receive,1257,27
42956,send,1261,27
42961,receive,1258,27
42990,send,1262,27
42994,receive,1259,27
43023,send,1263,27
43027,receive,1260,27
43057,send,1264,27
43063,receive,1261,27
43090,send,1265,27
43097,receive,1262,27
43123,send,1266,27
43128,receive,1263,27
43157,send,1267,27
43161,receive,1264,27
43191,send,1268,27
43195,receive,1265,27
43225,send,1269,27
43229,receive,1266,27
43258,send,1270,27
43262,receive,1267,27
43291,send,1271,27
43296,receive,1268,27
43325,send,1272,27
43329,receive,1269,27
43358,send,1273,27
43365,receive,1270,27
43391,send,1274,27
43397,receive,1271,27
43425,send,1275,27
43430,receive,1272,27
43458,send,1276,27
43465,receive,1273,27
43492,send,1277,27
43497,receive,1274,27
43526,send,1278,27
43529,receive,1275,27
43559,send,1279,27
43564,receive,1276,27
43593,send,1280,27
43597,receive,1277,27
43627,send,1281,27
43630,receive,1278,27
43660,send,1282,27
43666,receive,1279,27
43694,send,1283,27
43698,receive,1280,27
43728,send,1284,27
43731,receive,1281,27
43761,send,1285,27
43766,receive,1282,27
43794,send,1286,27
43801,receive,1283,27
43828,send,1287,27
43832,receive,1284,27
43861,send,1288,27
43867,receive,1285,27
43894,send,1289,27
43900,receive,1286,27
43928,send,1290,27
43934,receive,1287,27
43962,send,1291,27
43965,receive,1288,27
43995,send,1292,27
44001,receive,1289,27
44029,send,1293,27
44034,receive,1290,27
44063,send,1294,27
44065,receive,1291,27
44096,send,1295,27
44099,receive,1292,27
44129,send,1296,27
44136,receive,1293,27
44163,send,1297,27
44168,receive,1294,27
44197,send,1298,27
44201,receive,1295,27
44231,send,1299,27
44235,receive,1296,27
44264,send,1300,27
44269,receive,1297,27
44298,send,1301,27
44302,receive,1298,27
44331,send,1302,27
44334,receive,1299,27
44365,send,1303,27
44369,receive,1300,27
44398,send,1304,27
44403,receive,1301,27
44432,send,1305,27
44435,receive,1302,27
44466,send,1306,27
44471,receive,1303,27
44500,send,1307,27
44507,receive,1304,27
44533,send,1308,27
44537,receive,1305,27
44567,send,1309,27
44571,receive,1306,27
44601,send,1310,27
44606,receive,1307,27
44634,send,1311,27
44638,receive,1308,27
44667,send,1312,27
44673,receive,1309,27
44701,send,1313,27
44707,receive,1310,27
44735,send,1314,27
44740,receive,1311,27
44768,send,1315,24
44774,receive,1312,27
44802,send,1316,24
44805,receive,1313,27
44835,send,1317,24
44840,receive,1314,27
44870,send,1318,24
44874,receive,1315,24
44903,send,1319,24
44906,receive,1316,24
44936,send,1320,24
44941,receive,1317,24
44971,send,1321,24
44976,receive,1318,24
45004,send,1322,24
45009,receive,1319,24
45037,send,1323,24
45042,receive,1320,24
45071,send,1324,24
45074,receive,1321,24
45104,send,1325,24
45108,receive,1322,24
45138,send,1326,24
45142,receive,1323,24
45171,send,1327,24
45175,receive,1324,24
45204,send,1328,24
45210,receive,1325,24
45239,send,1329,24
45241,receive,1326,24
45273,send,1330,24
45276,receive,1327,24
45306,send,1331,24
45312,receive,1328,24
45339,send,1332,24
45344,receive,1329,24
45373,send,1333,24
45377,receive,1330,24
45407,send,1334,24
45412,receive,1331,24
45440,send,1335,24
45445,receive,1332,24
45473,send,1336,24
45481,receive,1333,24
45508,send,1337,24
45513,receive,1334,24
45541,send,1338,24
45545,receive,1335,24
45575,send,1339,24
45578,receive,1336,24
45608,send,1340,24
45614,receive,1337,24
45642,send,1341,24
45647,receive,1338,24
45675,send,1342,24
45680,receive,1339,24
45709,send,1343,24
45711,receive,1340,24
45742,send,1344,24
45746,receive,1341,24
45775,send,1345,24
45777,receive,1342,24
45809,send,1346,24
45811,receive,1343,24
45843,send,1347,22
45846,receive,1344,24
45876,send,1348,22
45877,receive,1345,24
45910,send,1349,22
45914,receive,1346,24
45943,send,1350,22
45947,receive,1347,22
45977,send,1351,22
45980,receive,1348,22
46010,send,1352,22
46014,receive,1349,22
46044,send,1353,22
46047,receive,1350,22
46078,send,1354,22
46079,receive,1351,22
46111,send,1355,22
46115,receive,1352,22
46146,send,1356,22
46147,receive,1353,22
46181,send,1357,22
46182,receive,1354,22
46215,receive,1355,22
46215,send,1358,22
46249,receive,1356,22
46249,send,1359,22
46282,send,1360,22
46283,receive,1357,22
46316,send,1361,22
46317,receive,1358,22
46349,send,1362,22
46352,receive,1359,22
46384,receive,1360,22
46383,send,1363,22
46419,receive,1361,22
46416,send,1364,20
46450,send,1365,20
46453,receive,1362,22
46483,send,1366,20
46487,receive,1363,22
46517,send,1367,20
46555,send,1368,20
46567,receive,1364,20
46567,receive,1365,20
46587,receive,1366,20
46589,send,1369,20
46621,receive,1367,20
46623,send,1370,20
46656,send,1371,20
46657,receive,1368,20
46690,send,1372,20
46691,receive,1369,20
46724,send,1373,20
46725,receive,1370,20
46757,send,1374,20
46759,receive,1371,20
46791,send,1375,20
46793,receive,1372,20
46825,send,1376,20
46826,receive,1373,20
46859,send,1377,20
46860,receive,1374,20
46892,send,1378,20
46893,receive,1375,20
46926,send,1379,20
46929,receive,1376,20
46959,send,1380,20
46962,receive,1377,20
46992,send,1381,20
46995,receive,1378,20
47025,send,1382,20
47029,receive,1379,20
47059,send,1383,20
47062,receive,1380,20
47093,send,1384,20
47098,receive,1381,20
47126,send,1385,20
47130,receive,1382,20
47159,send,1386,20
47160,receive,1383,20
47193,send,1387,19
47198,receive,1384,20
47227,send,1388,19
47230,receive,1385,20
47260,send,1389,17
47261,receive,1386,20
47293,send,1390,16
47298,receive,1387,19
47327,send,1391,14
47331,receive,1388,19
47361,send,1392,14
47362,receive,1389,17
47400,receive,1390,16
47398,send,1393,10
47430,receive,1391,14
47432,send,1394,7
47466,receive,1392,14
47466,send,1395,5
47499,send,1396,3
47533,send,1397,3
47553,receive,1393,10
47553,receive,1394,7
47567,send,1398,1
47568,receive,1395,5
47600,send,1399,0
47602,receive,1396,3
47633,send,1400,0
47635,receive,1397,3
47667,send,1401,0
47669,receive,1398,1
47701,send,1402,0
47702,receive,1399,0
47734,send,1403,0
47739,receive,1400,0
47767,send,1404,0
47770,receive,1401,0
47801,send,1405,0
47804,receive,1402,0
47834,send,1406,0
47839,receive,1403,0
47868,send,1407,0
47871,receive,1404,0
47901,send,1408,0
47905,receive,1405,0
47934,send,1409,0
47940,receive,1406,0
47968,send,1410,0
47971,receive,1407,0
48002,send,1411,0
48005,receive,1408,0
48035,send,1412,0
48039,receive,1409,0
48069,send,1413,0
48072,receive,1410,0
48103,send,1414,0
48104,receive,1411,0
48136,send,1415,0
48140,receive,1412,0
48169,send,1416,0
48171,receive,1413,0
48203,send,1417,0
48204,receive,1414,0
48237,send,1418,0
48241,receive,1415,0
48270,send,1419,0
48272,receive,1416,0
48304,send,1420,0
48305,receive,1417,0
48338,send,1421,0
48342,receive,1418,0
48371,send,1422,0
48373,receive,1419,0
48405,send,1423,0
48408,receive,1420,0
48438,send,1424,0
48442,receive,1421,0
48471,send,1425,0
48473,receive,1422,0
48505,send,1426,0
48508,receive,1423,0
48539,send,1427,0
48543,receive,1424,0
48572,send,1428,0
48575,receive,1425,0
48606,send,1429,0
48611,receive,1426,0
48640,send,1430,0
48647,receive,1427,0
48673,send,1431,0
48678,receive,1428,0
48706,send,1432,0
48711,receive,1429,0
48740,send,1433,0
48742,receive,1430,0
48774,send,1434,0
48776,receive,1431,0
48807,send,1435,0
48811,receive,1432,0
48840,send,1436,0
48843,receive,1433,0
48873,send,1437,0
48877,receive,1434,0
48907,send,1438,0
48912,receive,1435,0
48940,send,1439,0
48945,receive,1436,0
48973,send,1440,0
48977,receive,1437,0
49007,send,1441,0
49008,receive,1438,0
49040,send,1442,0
49044,receive,1439,0
49074,send,1443,0
49078,receive,1440,0
49108,send,1444,0
49109,receive,1441,0
49141,send,1445,0
49144,receive,1442,0
49174,send,1446,0
49178,receive,1443,0
49208,send,1447,0
49211,receive,1444,0
49241,send,1448,0
49244,receive,1445,0
49275,send,1449,0
49278,receive,1446,0
49309,send,1450,0
49313,receive,1447,0
49342,send,1451,0
49347,receive,1448,0
49377,send,1452,0
49380,receive,1449,0
49411,send,1453,0
49412,receive,1450,0
49444,send,1454,0
49444,receive,1451,0
49479,send,1455,0
49481,receive,1452,0
49513,send,1456,0
49514,receive,1453,0
49549,send,1457,0
49550,receive,1454,0
49584,send,1458,0
49588,receive,1455,0
49616,receive,1456,0
49617,send,1459,0
49650,send,1460,0
49652,receive,1457,0
49684,send,1461,0
49689,receive,1458,0
49717,send,1462,0
49719,receive,1459,0
49750,send,1463,0
49752,receive,1460,0
49784,send,1464,0
49788,receive,1461,0
49818,send,1465,0
49820,receive,1462,0
49852,send,1466,0
49853,receive,1463,0
49885,send,1467,0
49886,receive,1464,0
49918,send,1468,0
49922,receive,1465,0
49952,send,1469,0
49953,receive,1466,0
49986,send,1470,0
49989,receive,1467,0
50019,send,1471,0
50021,receive,1468,0
50053,send,1472,0
50056,receive,1469,0
50087,send,1473,0
50088,receive,1470,0
50120,send,1474,0
50123,receive,1471,0
50154,send,1475,0
50157,receive,1472,0
50188,send,1476,0
50190,receive,1473,0
50221,send,1477,0
50224,receive,1474,0
50254,send,1478,0
50256,receive,1475,0
50289,send,1479,0
50292,receive,1476,0
50322,send,1480,0
50323,receive,1477,0
50356,send,1481,0
50358,receive,1478,0
50389,send,1482,0
50393,receive,1479,0
50423,send,1483,0
50424,receive,1480,0
50456,send,1484,0
50457,receive,1481,0
50489,send,1485,0
50493,receive,1482,0
50523,send,1486,0
50526,receive,1483,0
50556,send,1487,0
50558,receive,1484,0
50589,send,1488,0
50592,receive,1485,0
50624,send,1489,0
50625,receive,1486,0
50658,send,1490,0
50659,receive,1487,0
50691,send,1491,0
50692,receive,1488,0
50724,send,1492,0
50726,receive,1489,0
50757,send,1493,0
50761,receive,1490,0
50791,send,1494,0
50794,receive,1491,0
50824,send,1495,0
50828,receive,1492,0
50858,send,1496,0
50861,receive,1493,0
50891,send,1497,0
50893,receive,1494,0
50925,send,1498,0
50928,receive,1495,0
50958,send,1499,0
50961,receive,1496,0
50992,send,1500,0
50994,receive,1497,0
51025,send,1501,0
51026,receive,1498,0
51058,send,1502,0
51062,receive,1499,0
51092,send,1503,0
51095,receive,1500,0
51126,send,1504,0
51127,receive,1501,0
51159,send,1505,0
51162,receive,1502,0
51192,send,1506,0
51196,receive,1503,0
51226,send,1507,0
51227,receive,1504,0
51259,send,1508,0
51263,receive,1505,0
51293,send,1509,0
51294,receive,1506,0
51326,send,1510,0
51329,receive,1507,0
51359,send,1511,0
51363,receive,1508,0
51392,send,1512,0
51396,receive,1509,0
51425,send,1513,0
51429,receive,1510,0
51459,send,1514,0
51462,receive,1511,0
51492,send,1515,0
51496,receive,1512,0
